"hospital_id","hospital_setting","training_hours","bed_count","safety_score"
1,"Urban",22.7,115,53
2,"Rural",28.6,28,73
3,"Rural",14.4,125,56.5
4,"Rural",16.4,188,64.2
5,"Rural",12.3,179,70.7
6,"Rural",17.8,153,65.1
7,"Urban",32.5,176,71
8,"Urban",19.1,137,53.4
9,"Rural",15.4,287,53.2
10,"Rural",42.5,115,76.9
11,"Urban",19.9,54,66.9
12,"Urban",17.4,212,52.8
13,"Rural",55.1,135,93.3
14,"Urban",35.2,180,74.3
15,"Rural",16.3,162,59.9
16,"Urban",15,188,57.1
17,"Urban",24.3,151,77.2
18,"Urban",35,122,69.4
19,"Urban",16.8,221,62.8
20,"Urban",38.1,191,65.8
21,"Rural",26.6,169,71.1
22,"Rural",54.9,128,90.5
23,"Urban",42.6,206,75.6
24,"Urban",32.8,134,69
25,"Rural",58.7,144,92.2
26,"Urban",49.3,37,69
27,"Urban",17.3,267,62.2
28,"Urban",12,189,61.3
29,"Rural",41.2,117,76
30,"Urban",41.4,115,69.5
31,"Rural",40.8,153,84.3
32,"Rural",34.4,141,82.1
33,"Urban",25,182,67.2
34,"Urban",55.5,67,81
35,"Rural",46.4,228,81.7
36,"Urban",13.6,172,59
37,"Rural",31.3,263,82
38,"Urban",48.9,195,72.7
39,"Urban",54.8,165,74.2
40,"Rural",27,86,78.3
41,"Urban",51.7,88,74.1
42,"Rural",35.6,288,81.9
43,"Urban",37.9,124,70.4
44,"Rural",34.4,204,72.1
45,"Rural",10.4,258,68
46,"Urban",39.7,161,73.3
47,"Urban",57.1,175,62.8
48,"Urban",23.5,167,59.2
49,"Rural",46.3,112,83.5
50,"Urban",40.7,178,70
51,"Urban",35.8,297,77.8
52,"Urban",42.6,201,69.5
53,"Rural",40,77,83.4
54,"Rural",30.4,175,77.9
55,"Urban",12.1,213,58.1
56,"Rural",27.2,152,67.6
57,"Urban",30.1,102,69
58,"Rural",58.9,174,99.5
59,"Rural",13.4,108,63.3
60,"Urban",16.2,99,63.3
61,"Urban",10.9,256,60.4
62,"Urban",29.7,223,61.8
63,"Urban",25.3,211,70.5
64,"Rural",46.1,77,76.3
65,"Rural",54.1,242,93.2
66,"Urban",38.3,183,65.9
67,"Rural",18.5,115,61.7
68,"Urban",55.1,262,76.9
69,"Rural",40.6,225,92.8
70,"Rural",43.5,222,82.7
71,"Urban",38.6,71,59.6
72,"Rural",48.3,49,79.7
73,"Urban",55.7,147,71.5
74,"Rural",51.5,107,86.4
75,"Rural",33.8,88,75.6
76,"Rural",13.3,20,60.5
77,"Rural",25.7,302,77.2
78,"Urban",33.6,191,60
79,"Urban",17.9,97,63.9
80,"Urban",46.9,279,74.5
81,"Rural",12.1,134,60.6
82,"Urban",57.2,161,79.7
83,"Urban",11.9,184,58.8
84,"Rural",11.3,178,71
85,"Rural",13.8,199,51.8
86,"Rural",18.1,169,66.3
87,"Rural",13.6,152,58.4
88,"Rural",51.9,102,87.4
89,"Rural",57.8,20,85.7
90,"Rural",51.9,102,98
91,"Urban",15.4,193,64.9
92,"Rural",25.1,203,64.5
93,"Urban",51.8,172,69.4
94,"Urban",12.6,85,58.3
95,"Urban",41.2,241,73.1
96,"Urban",18.2,275,64.2
97,"Rural",15.2,98,63.3
98,"Rural",56.4,264,86.7
99,"Rural",26.9,193,78
100,"Urban",10.6,20,52.5
101,"Urban",35.4,159,70.7
102,"Urban",28.7,27,50.8
103,"Rural",45.8,148,79.3
104,"Urban",45.6,107,70.7
105,"Urban",15.3,83,68.7
106,"Urban",32.4,237,75.1
107,"Rural",19.4,163,57.3
108,"Rural",34.2,20,71.3
109,"Urban",28.2,117,60.3
110,"Urban",57.4,194,71.6
111,"Urban",39.2,188,70.1
112,"Rural",27.6,124,70.6
113,"Rural",55.5,205,96.2
114,"Rural",39.8,236,87.3
115,"Rural",50.5,147,82.5
116,"Rural",26.2,167,71.1
117,"Rural",25.3,187,66.6
118,"Rural",44.7,250,88.8
119,"Urban",36.6,155,53.1
120,"Rural",27.3,216,71.2
121,"Rural",56.7,242,100
122,"Rural",41.7,218,84.3
123,"Rural",40.7,241,84.2
124,"Rural",32.7,157,69.4
125,"Rural",25.5,133,68.9
126,"Urban",59.6,159,73.3
127,"Rural",48.5,197,88.5
128,"Urban",57.8,51,66
129,"Urban",20.5,78,65.6
130,"Urban",23.3,209,70.5
131,"Rural",17.8,238,73.3
132,"Rural",24.5,304,76.3
133,"Urban",37.2,86,69.1
134,"Rural",13.9,271,68.9
135,"Urban",46.1,153,70.5
136,"Urban",17,20,65.9
137,"Urban",37,100,61.1
138,"Urban",11.2,118,64.8
139,"Urban",31.7,138,52.8
140,"Rural",47,192,93.4
141,"Urban",49.6,113,61.6
142,"Urban",18.4,123,55.4
143,"Rural",15,160,58.2
144,"Urban",32.5,308,71.7
145,"Rural",56.3,126,85.6
146,"Rural",58.1,61,100
147,"Rural",32.4,125,74.5
148,"Urban",47.2,326,71.2
149,"Rural",39.6,53,79.2
150,"Urban",14.9,95,63.6
151,"Rural",36.1,174,82.3
152,"Rural",20,169,69.4
153,"Rural",49.1,199,78.1
154,"Rural",11.6,186,61.8
155,"Urban",40.1,144,76.2
156,"Rural",15.6,312,64.6
157,"Rural",13.4,85,69.1
158,"Urban",56.6,190,79.2
159,"Rural",31.7,20,69.2
160,"Rural",43.8,176,83.5
161,"Urban",35.8,20,59.8
162,"Urban",14.2,20,67.7
163,"Urban",18.9,75,63.2
164,"Urban",46.4,104,71.8
165,"Rural",51.8,223,87.3
166,"Urban",48.5,221,72.7
167,"Urban",16.3,79,71.1
168,"Urban",16.8,45,47.9
169,"Urban",18,171,65
170,"Urban",32.1,30,67.6
171,"Urban",46.1,20,57
172,"Urban",37.2,93,69
173,"Rural",49.6,157,80.6
174,"Urban",41.6,372,68.9
175,"Urban",51.5,268,82.9
176,"Urban",49.4,212,66.9
177,"Rural",56.6,150,94.3
178,"Rural",45.2,20,76.4
179,"Urban",36.2,114,62
180,"Urban",35.9,155,67.8
181,"Rural",10.9,240,54.2
182,"Urban",59.8,79,80.7
183,"Rural",15,225,66.5
184,"Urban",33.6,102,76.1
185,"Urban",48.9,243,72.1
186,"Urban",12.1,293,64.9
187,"Urban",18.5,45,56
188,"Rural",18.7,203,68.1
189,"Rural",22.3,133,62.5
190,"Urban",27.6,208,71.9
191,"Rural",38.2,314,82.7
192,"Rural",50.3,261,95.4
193,"Urban",57.3,159,69.9
194,"Urban",13.8,305,63.6
195,"Urban",10,74,62.5
196,"Urban",14.3,205,53.2
197,"Rural",38.4,138,86.2
198,"Urban",29.4,193,73.3
199,"Rural",19.4,87,70.1
200,"Urban",46.5,322,79.5
