"respondent_id","profile_id","wait_15min","hours_extended","provider_md","visit_cost","rating"
1,1,1,1,1,75,7.7
1,2,0,1,1,75,4.4
1,3,1,0,1,75,6.8
1,4,0,0,1,75,4.5
1,5,1,1,0,75,7.1
1,6,0,1,0,75,3.1
1,7,1,0,0,75,4.7
1,8,0,0,0,75,3.2
1,9,1,1,1,150,5.5
1,10,0,1,1,150,3.5
1,11,1,0,1,150,4.2
1,12,0,0,1,150,3
1,13,1,1,0,150,5.5
1,14,0,1,0,150,4.3
1,15,1,0,0,150,4.3
1,16,0,0,0,150,1.1
2,1,1,1,1,75,5.7
2,2,0,1,1,75,6.1
2,3,1,0,1,75,5.5
2,4,0,0,1,75,4.3
2,5,1,1,0,75,6.6
2,6,0,1,0,75,5
2,7,1,0,0,75,5
2,8,0,0,0,75,3.2
2,9,1,1,1,150,5.7
2,10,0,1,1,150,2.9
2,11,1,0,1,150,4.1
2,12,0,0,1,150,2
2,13,1,1,0,150,3.9
2,14,0,1,0,150,3.1
2,15,1,0,0,150,4.2
2,16,0,0,0,150,2.1
3,1,1,1,1,75,7.1
3,2,0,1,1,75,4.9
3,3,1,0,1,75,5.7
3,4,0,0,1,75,2.7
3,5,1,1,0,75,7.3
3,6,0,1,0,75,5.7
3,7,1,0,0,75,6
3,8,0,0,0,75,4
3,9,1,1,1,150,5.4
3,10,0,1,1,150,3.2
3,11,1,0,1,150,4.5
3,12,0,0,1,150,2.1
3,13,1,1,0,150,5.4
3,14,0,1,0,150,3.3
3,15,1,0,0,150,3.8
3,16,0,0,0,150,1.8
4,1,1,1,1,75,7
4,2,0,1,1,75,5.6
4,3,1,0,1,75,6.9
4,4,0,0,1,75,2.9
4,5,1,1,0,75,5.8
4,6,0,1,0,75,5.9
4,7,1,0,0,75,5.2
4,8,0,0,0,75,4.8
4,9,1,1,1,150,4.7
4,10,0,1,1,150,4.4
4,11,1,0,1,150,3.6
4,12,0,0,1,150,1.8
4,13,1,1,0,150,5
4,14,0,1,0,150,2.8
4,15,1,0,0,150,2.9
4,16,0,0,0,150,1.1
5,1,1,1,1,75,7
5,2,0,1,1,75,4.1
5,3,1,0,1,75,6.6
5,4,0,0,1,75,5
5,5,1,1,0,75,5.3
5,6,0,1,0,75,3.1
5,7,1,0,0,75,3.5
5,8,0,0,0,75,4.1
5,9,1,1,1,150,4.4
5,10,0,1,1,150,4.3
5,11,1,0,1,150,4.1
5,12,0,0,1,150,1.4
5,13,1,1,0,150,4.1
5,14,0,1,0,150,3
5,15,1,0,0,150,5.4
5,16,0,0,0,150,2.3
6,1,1,1,1,75,5.5
6,2,0,1,1,75,4.6
6,3,1,0,1,75,4.8
6,4,0,0,1,75,3.1
6,5,1,1,0,75,6.9
6,6,0,1,0,75,4.2
6,7,1,0,0,75,6.2
6,8,0,0,0,75,3.7
6,9,1,1,1,150,5.3
6,10,0,1,1,150,4.8
6,11,1,0,1,150,3.9
6,12,0,0,1,150,2.8
6,13,1,1,0,150,7.5
6,14,0,1,0,150,2.7
6,15,1,0,0,150,5.2
6,16,0,0,0,150,1
7,1,1,1,1,75,7
7,2,0,1,1,75,4.6
7,3,1,0,1,75,4.6
7,4,0,0,1,75,3.5
7,5,1,1,0,75,8.2
7,6,0,1,0,75,4.3
7,7,1,0,0,75,4.8
7,8,0,0,0,75,4.3
7,9,1,1,1,150,4.7
7,10,0,1,1,150,3.7
7,11,1,0,1,150,4.5
7,12,0,0,1,150,2.2
7,13,1,1,0,150,4.5
7,14,0,1,0,150,4.3
7,15,1,0,0,150,3.7
7,16,0,0,0,150,3.7
8,1,1,1,1,75,6.6
8,2,0,1,1,75,4.8
8,3,1,0,1,75,5.3
8,4,0,0,1,75,1.7
8,5,1,1,0,75,4.8
8,6,0,1,0,75,4.4
8,7,1,0,0,75,4.7
8,8,0,0,0,75,4.7
8,9,1,1,1,150,5.6
8,10,0,1,1,150,3.1
8,11,1,0,1,150,5.1
8,12,0,0,1,150,1.9
8,13,1,1,0,150,4.9
8,14,0,1,0,150,3.5
8,15,1,0,0,150,3.8
8,16,0,0,0,150,1.8
9,1,1,1,1,75,6.6
9,2,0,1,1,75,4.7
9,3,1,0,1,75,7
9,4,0,0,1,75,4
9,5,1,1,0,75,5.6
9,6,0,1,0,75,4.1
9,7,1,0,0,75,4.5
9,8,0,0,0,75,3.8
9,9,1,1,1,150,5.1
9,10,0,1,1,150,3.7
9,11,1,0,1,150,4.5
9,12,0,0,1,150,1
9,13,1,1,0,150,4.1
9,14,0,1,0,150,4.7
9,15,1,0,0,150,4
9,16,0,0,0,150,1.9
10,1,1,1,1,75,7.2
10,2,0,1,1,75,5.4
10,3,1,0,1,75,4.7
10,4,0,0,1,75,4
10,5,1,1,0,75,6.9
10,6,0,1,0,75,4.7
10,7,1,0,0,75,5.1
10,8,0,0,0,75,3.3
10,9,1,1,1,150,4.5
10,10,0,1,1,150,3.2
10,11,1,0,1,150,4.6
10,12,0,0,1,150,2
10,13,1,1,0,150,4.8
10,14,0,1,0,150,3.2
10,15,1,0,0,150,4.6
10,16,0,0,0,150,1
11,1,1,1,1,75,6.9
11,2,0,1,1,75,5.8
11,3,1,0,1,75,6.1
11,4,0,0,1,75,2.5
11,5,1,1,0,75,6.2
11,6,0,1,0,75,5.5
11,7,1,0,0,75,4.5
11,8,0,0,0,75,3.6
11,9,1,1,1,150,4.7
11,10,0,1,1,150,4.3
11,11,1,0,1,150,5.2
11,12,0,0,1,150,2.7
11,13,1,1,0,150,5.2
11,14,0,1,0,150,2.9
11,15,1,0,0,150,5.5
11,16,0,0,0,150,2.8
12,1,1,1,1,75,5.7
12,2,0,1,1,75,3.9
12,3,1,0,1,75,5.8
12,4,0,0,1,75,3.7
12,5,1,1,0,75,6.5
12,6,0,1,0,75,4.2
12,7,1,0,0,75,4.9
12,8,0,0,0,75,4.3
12,9,1,1,1,150,6
12,10,0,1,1,150,4.1
12,11,1,0,1,150,4.3
12,12,0,0,1,150,3.2
12,13,1,1,0,150,3.6
12,14,0,1,0,150,1.9
12,15,1,0,0,150,4.7
12,16,0,0,0,150,1.6
13,1,1,1,1,75,7
13,2,0,1,1,75,6.5
13,3,1,0,1,75,5.5
13,4,0,0,1,75,3.2
13,5,1,1,0,75,3.9
13,6,0,1,0,75,4.4
13,7,1,0,0,75,5.2
13,8,0,0,0,75,4.3
13,9,1,1,1,150,4.9
13,10,0,1,1,150,3.3
13,11,1,0,1,150,4.2
13,12,0,0,1,150,2.8
13,13,1,1,0,150,5.3
13,14,0,1,0,150,2.5
13,15,1,0,0,150,4
13,16,0,0,0,150,2.3
14,1,1,1,1,75,6.9
14,2,0,1,1,75,6.1
14,3,1,0,1,75,4.4
14,4,0,0,1,75,4.5
14,5,1,1,0,75,7.3
14,6,0,1,0,75,3.5
14,7,1,0,0,75,5.4
14,8,0,0,0,75,2.7
14,9,1,1,1,150,5
14,10,0,1,1,150,3.5
14,11,1,0,1,150,4.2
14,12,0,0,1,150,4.1
14,13,1,1,0,150,4.7
14,14,0,1,0,150,1.9
14,15,1,0,0,150,3.2
14,16,0,0,0,150,1.7
15,1,1,1,1,75,6.4
15,2,0,1,1,75,5.5
15,3,1,0,1,75,5.3
15,4,0,0,1,75,4.4
15,5,1,1,0,75,6
15,6,0,1,0,75,3.6
15,7,1,0,0,75,5.2
15,8,0,0,0,75,3
15,9,1,1,1,150,5.3
15,10,0,1,1,150,4.8
15,11,1,0,1,150,4.2
15,12,0,0,1,150,2.4
15,13,1,1,0,150,3.6
15,14,0,1,0,150,3.2
15,15,1,0,0,150,3.7
15,16,0,0,0,150,3.2
16,1,1,1,1,75,5.2
16,2,0,1,1,75,4.3
16,3,1,0,1,75,5.4
16,4,0,0,1,75,4.1
16,5,1,1,0,75,5.8
16,6,0,1,0,75,4.7
16,7,1,0,0,75,7.3
16,8,0,0,0,75,3.2
16,9,1,1,1,150,5.4
16,10,0,1,1,150,2.9
16,11,1,0,1,150,5.2
16,12,0,0,1,150,1.5
16,13,1,1,0,150,4.5
16,14,0,1,0,150,3.2
16,15,1,0,0,150,4.5
16,16,0,0,0,150,2.2
17,1,1,1,1,75,7.3
17,2,0,1,1,75,3.9
17,3,1,0,1,75,5.3
17,4,0,0,1,75,3.9
17,5,1,1,0,75,7.1
17,6,0,1,0,75,4.5
17,7,1,0,0,75,5.1
17,8,0,0,0,75,3.6
17,9,1,1,1,150,4.4
17,10,0,1,1,150,2.4
17,11,1,0,1,150,4.6
17,12,0,0,1,150,1.8
17,13,1,1,0,150,5
17,14,0,1,0,150,2
17,15,1,0,0,150,3.2
17,16,0,0,0,150,2
18,1,1,1,1,75,5.9
18,2,0,1,1,75,4.9
18,3,1,0,1,75,6
18,4,0,0,1,75,5.3
18,5,1,1,0,75,5.8
18,6,0,1,0,75,4.9
18,7,1,0,0,75,5.9
18,8,0,0,0,75,5.4
18,9,1,1,1,150,6.7
18,10,0,1,1,150,4.2
18,11,1,0,1,150,5.4
18,12,0,0,1,150,2.2
18,13,1,1,0,150,5.6
18,14,0,1,0,150,2.5
18,15,1,0,0,150,4.3
18,16,0,0,0,150,2.1
19,1,1,1,1,75,6.4
19,2,0,1,1,75,5.3
19,3,1,0,1,75,6.5
19,4,0,0,1,75,4.5
19,5,1,1,0,75,5.4
19,6,0,1,0,75,3.2
19,7,1,0,0,75,5.1
19,8,0,0,0,75,2.5
19,9,1,1,1,150,5.3
19,10,0,1,1,150,3.5
19,11,1,0,1,150,3.9
19,12,0,0,1,150,1.2
19,13,1,1,0,150,4.4
19,14,0,1,0,150,2.7
19,15,1,0,0,150,2.5
19,16,0,0,0,150,2.5
20,1,1,1,1,75,6.7
20,2,0,1,1,75,5
20,3,1,0,1,75,6.3
20,4,0,0,1,75,4.9
20,5,1,1,0,75,5.3
20,6,0,1,0,75,6.4
20,7,1,0,0,75,4.8
20,8,0,0,0,75,3.6
20,9,1,1,1,150,5.7
20,10,0,1,1,150,3.1
20,11,1,0,1,150,5.2
20,12,0,0,1,150,2.2
20,13,1,1,0,150,4.6
20,14,0,1,0,150,4.9
20,15,1,0,0,150,3.8
20,16,0,0,0,150,2.4
21,1,1,1,1,75,5.1
21,2,0,1,1,75,5.1
21,3,1,0,1,75,5.8
21,4,0,0,1,75,2.8
21,5,1,1,0,75,6.1
21,6,0,1,0,75,3.8
21,7,1,0,0,75,4.6
21,8,0,0,0,75,3.4
21,9,1,1,1,150,5.4
21,10,0,1,1,150,3.7
21,11,1,0,1,150,5.4
21,12,0,0,1,150,2.1
21,13,1,1,0,150,4.8
21,14,0,1,0,150,3.2
21,15,1,0,0,150,4.4
21,16,0,0,0,150,1.1
22,1,1,1,1,75,6.8
22,2,0,1,1,75,5.1
22,3,1,0,1,75,4.8
22,4,0,0,1,75,2.9
22,5,1,1,0,75,7.3
22,6,0,1,0,75,5.1
22,7,1,0,0,75,4.8
22,8,0,0,0,75,3.7
22,9,1,1,1,150,5.2
22,10,0,1,1,150,2.9
22,11,1,0,1,150,5
22,12,0,0,1,150,2
22,13,1,1,0,150,4.9
22,14,0,1,0,150,3.5
22,15,1,0,0,150,4.7
22,16,0,0,0,150,1.5
23,1,1,1,1,75,7.9
23,2,0,1,1,75,6.7
23,3,1,0,1,75,5.9
23,4,0,0,1,75,3.3
23,5,1,1,0,75,5.7
23,6,0,1,0,75,4.1
23,7,1,0,0,75,5.7
23,8,0,0,0,75,4.6
23,9,1,1,1,150,5.3
23,10,0,1,1,150,2.8
23,11,1,0,1,150,3.9
23,12,0,0,1,150,3.4
23,13,1,1,0,150,3.6
23,14,0,1,0,150,3
23,15,1,0,0,150,3.3
23,16,0,0,0,150,2.7
24,1,1,1,1,75,7.1
24,2,0,1,1,75,4.8
24,3,1,0,1,75,4.4
24,4,0,0,1,75,4.2
24,5,1,1,0,75,5.4
24,6,0,1,0,75,4.1
24,7,1,0,0,75,6.5
24,8,0,0,0,75,4.9
24,9,1,1,1,150,6.2
24,10,0,1,1,150,3.6
24,11,1,0,1,150,3.8
24,12,0,0,1,150,2.9
24,13,1,1,0,150,5.5
24,14,0,1,0,150,3.7
24,15,1,0,0,150,2.8
24,16,0,0,0,150,1.1
25,1,1,1,1,75,6.1
25,2,0,1,1,75,5.3
25,3,1,0,1,75,4.7
25,4,0,0,1,75,4.6
25,5,1,1,0,75,5.1
25,6,0,1,0,75,4.8
25,7,1,0,0,75,5.2
25,8,0,0,0,75,3.6
25,9,1,1,1,150,6.8
25,10,0,1,1,150,3.4
25,11,1,0,1,150,4.3
25,12,0,0,1,150,2.2
25,13,1,1,0,150,5.4
25,14,0,1,0,150,4.1
25,15,1,0,0,150,3
25,16,0,0,0,150,2.2
26,1,1,1,1,75,5.5
26,2,0,1,1,75,6.3
26,3,1,0,1,75,6.2
26,4,0,0,1,75,5.2
26,5,1,1,0,75,5.9
26,6,0,1,0,75,4.7
26,7,1,0,0,75,6.3
26,8,0,0,0,75,3.9
26,9,1,1,1,150,6
26,10,0,1,1,150,4.5
26,11,1,0,1,150,4.1
26,12,0,0,1,150,2.6
26,13,1,1,0,150,4.9
26,14,0,1,0,150,2.7
26,15,1,0,0,150,2.2
26,16,0,0,0,150,1.6
27,1,1,1,1,75,8
27,2,0,1,1,75,6.8
27,3,1,0,1,75,5
27,4,0,0,1,75,3.5
27,5,1,1,0,75,4.6
27,6,0,1,0,75,4.7
27,7,1,0,0,75,4.9
27,8,0,0,0,75,2.5
27,9,1,1,1,150,5.1
27,10,0,1,1,150,2.7
27,11,1,0,1,150,5.1
27,12,0,0,1,150,2.8
27,13,1,1,0,150,4.9
27,14,0,1,0,150,3.7
27,15,1,0,0,150,4.2
27,16,0,0,0,150,1
28,1,1,1,1,75,7
28,2,0,1,1,75,5.4
28,3,1,0,1,75,6.1
28,4,0,0,1,75,3.5
28,5,1,1,0,75,6.4
28,6,0,1,0,75,4.4
28,7,1,0,0,75,4.4
28,8,0,0,0,75,5.1
28,9,1,1,1,150,4
28,10,0,1,1,150,3
28,11,1,0,1,150,5.2
28,12,0,0,1,150,1.2
28,13,1,1,0,150,5.3
28,14,0,1,0,150,2.7
28,15,1,0,0,150,3.5
28,16,0,0,0,150,1
29,1,1,1,1,75,6.2
29,2,0,1,1,75,5.3
29,3,1,0,1,75,5.5
29,4,0,0,1,75,5
29,5,1,1,0,75,6.4
29,6,0,1,0,75,4.5
29,7,1,0,0,75,5.2
29,8,0,0,0,75,3.8
29,9,1,1,1,150,6.3
29,10,0,1,1,150,4.2
29,11,1,0,1,150,4.9
29,12,0,0,1,150,3.7
29,13,1,1,0,150,4.5
29,14,0,1,0,150,3
29,15,1,0,0,150,5.3
29,16,0,0,0,150,1.6
30,1,1,1,1,75,7.4
30,2,0,1,1,75,5.2
30,3,1,0,1,75,7.4
30,4,0,0,1,75,5.3
30,5,1,1,0,75,6.5
30,6,0,1,0,75,5
30,7,1,0,0,75,2.9
30,8,0,0,0,75,3.4
30,9,1,1,1,150,5.8
30,10,0,1,1,150,5.5
30,11,1,0,1,150,4.4
30,12,0,0,1,150,3
30,13,1,1,0,150,4.9
30,14,0,1,0,150,2
30,15,1,0,0,150,3.9
30,16,0,0,0,150,2.5
31,1,1,1,1,75,7
31,2,0,1,1,75,5.6
31,3,1,0,1,75,5.8
31,4,0,0,1,75,3.6
31,5,1,1,0,75,7.1
31,6,0,1,0,75,3.5
31,7,1,0,0,75,5.9
31,8,0,0,0,75,3.6
31,9,1,1,1,150,3.2
31,10,0,1,1,150,3.1
31,11,1,0,1,150,5.3
31,12,0,0,1,150,1
31,13,1,1,0,150,6
31,14,0,1,0,150,4.2
31,15,1,0,0,150,4.7
31,16,0,0,0,150,1.9
32,1,1,1,1,75,6.4
32,2,0,1,1,75,3.8
32,3,1,0,1,75,5.7
32,4,0,0,1,75,3.8
32,5,1,1,0,75,7.8
32,6,0,1,0,75,4.7
32,7,1,0,0,75,4.9
32,8,0,0,0,75,4.3
32,9,1,1,1,150,6
32,10,0,1,1,150,3.1
32,11,1,0,1,150,4.7
32,12,0,0,1,150,2
32,13,1,1,0,150,4.3
32,14,0,1,0,150,2.3
32,15,1,0,0,150,3.5
32,16,0,0,0,150,1.2
33,1,1,1,1,75,7.5
33,2,0,1,1,75,5.5
33,3,1,0,1,75,5.7
33,4,0,0,1,75,5.3
33,5,1,1,0,75,6.7
33,6,0,1,0,75,5.1
33,7,1,0,0,75,5
33,8,0,0,0,75,4.6
33,9,1,1,1,150,5.4
33,10,0,1,1,150,3.1
33,11,1,0,1,150,5
33,12,0,0,1,150,1.9
33,13,1,1,0,150,3.9
33,14,0,1,0,150,4.1
33,15,1,0,0,150,4.6
33,16,0,0,0,150,2.8
34,1,1,1,1,75,7.3
34,2,0,1,1,75,5.2
34,3,1,0,1,75,5
34,4,0,0,1,75,3.6
34,5,1,1,0,75,6.1
34,6,0,1,0,75,5.3
34,7,1,0,0,75,5.2
34,8,0,0,0,75,4
34,9,1,1,1,150,5.8
34,10,0,1,1,150,3.2
34,11,1,0,1,150,3.2
34,12,0,0,1,150,2.4
34,13,1,1,0,150,4.5
34,14,0,1,0,150,1.7
34,15,1,0,0,150,3.5
34,16,0,0,0,150,3
35,1,1,1,1,75,6.2
35,2,0,1,1,75,4.5
35,3,1,0,1,75,7.2
35,4,0,0,1,75,4.1
35,5,1,1,0,75,5
35,6,0,1,0,75,3.5
35,7,1,0,0,75,7
35,8,0,0,0,75,4.4
35,9,1,1,1,150,5.2
35,10,0,1,1,150,1.9
35,11,1,0,1,150,2.8
35,12,0,0,1,150,1.4
35,13,1,1,0,150,3.7
35,14,0,1,0,150,2.7
35,15,1,0,0,150,4.8
35,16,0,0,0,150,1.6
36,1,1,1,1,75,6.2
36,2,0,1,1,75,4
36,3,1,0,1,75,4.8
36,4,0,0,1,75,3.7
36,5,1,1,0,75,5.3
36,6,0,1,0,75,5.9
36,7,1,0,0,75,5.1
36,8,0,0,0,75,4.3
36,9,1,1,1,150,4.8
36,10,0,1,1,150,3.6
36,11,1,0,1,150,3.5
36,12,0,0,1,150,1.9
36,13,1,1,0,150,4.4
36,14,0,1,0,150,2.8
36,15,1,0,0,150,3.9
36,16,0,0,0,150,2.1
37,1,1,1,1,75,7.4
37,2,0,1,1,75,4.4
37,3,1,0,1,75,6.6
37,4,0,0,1,75,4.4
37,5,1,1,0,75,5.1
37,6,0,1,0,75,3.4
37,7,1,0,0,75,6.5
37,8,0,0,0,75,3.6
37,9,1,1,1,150,5
37,10,0,1,1,150,3.7
37,11,1,0,1,150,3.2
37,12,0,0,1,150,2.3
37,13,1,1,0,150,5.4
37,14,0,1,0,150,2.6
37,15,1,0,0,150,3.3
37,16,0,0,0,150,1.4
38,1,1,1,1,75,7.9
38,2,0,1,1,75,5.4
38,3,1,0,1,75,4.6
38,4,0,0,1,75,3.5
38,5,1,1,0,75,4.7
38,6,0,1,0,75,4.5
38,7,1,0,0,75,5.5
38,8,0,0,0,75,3.3
38,9,1,1,1,150,4.4
38,10,0,1,1,150,2.1
38,11,1,0,1,150,3.9
38,12,0,0,1,150,1
38,13,1,1,0,150,5.6
38,14,0,1,0,150,2.4
38,15,1,0,0,150,1.7
38,16,0,0,0,150,2.8
39,1,1,1,1,75,7.1
39,2,0,1,1,75,2.8
39,3,1,0,1,75,5.6
39,4,0,0,1,75,3.2
39,5,1,1,0,75,7.4
39,6,0,1,0,75,6
39,7,1,0,0,75,5.4
39,8,0,0,0,75,4.3
39,9,1,1,1,150,6.5
39,10,0,1,1,150,3.1
39,11,1,0,1,150,4.7
39,12,0,0,1,150,2.3
39,13,1,1,0,150,4.3
39,14,0,1,0,150,3.3
39,15,1,0,0,150,3.6
39,16,0,0,0,150,2.7
40,1,1,1,1,75,6.5
40,2,0,1,1,75,4.2
40,3,1,0,1,75,6.2
40,4,0,0,1,75,4.7
40,5,1,1,0,75,5.1
40,6,0,1,0,75,3.4
40,7,1,0,0,75,5.4
40,8,0,0,0,75,3.6
40,9,1,1,1,150,4.8
40,10,0,1,1,150,4.7
40,11,1,0,1,150,3
40,12,0,0,1,150,1.3
40,13,1,1,0,150,4.5
40,14,0,1,0,150,3.1
40,15,1,0,0,150,2.9
40,16,0,0,0,150,2.8
41,1,1,1,1,75,6.5
41,2,0,1,1,75,4.1
41,3,1,0,1,75,5
41,4,0,0,1,75,3.3
41,5,1,1,0,75,6.6
41,6,0,1,0,75,3.7
41,7,1,0,0,75,5.3
41,8,0,0,0,75,2.5
41,9,1,1,1,150,5.3
41,10,0,1,1,150,3.6
41,11,1,0,1,150,5.3
41,12,0,0,1,150,2.4
41,13,1,1,0,150,5.4
41,14,0,1,0,150,1.6
41,15,1,0,0,150,4.1
41,16,0,0,0,150,2
42,1,1,1,1,75,7.9
42,2,0,1,1,75,3.8
42,3,1,0,1,75,6.4
42,4,0,0,1,75,3.7
42,5,1,1,0,75,6.3
42,6,0,1,0,75,4.5
42,7,1,0,0,75,5.5
42,8,0,0,0,75,3
42,9,1,1,1,150,5.5
42,10,0,1,1,150,3.8
42,11,1,0,1,150,4.1
42,12,0,0,1,150,2.2
42,13,1,1,0,150,6.4
42,14,0,1,0,150,2.1
42,15,1,0,0,150,3.6
42,16,0,0,0,150,2.5
43,1,1,1,1,75,6.9
43,2,0,1,1,75,6
43,3,1,0,1,75,6.2
43,4,0,0,1,75,4.6
43,5,1,1,0,75,7.1
43,6,0,1,0,75,3.3
43,7,1,0,0,75,5.2
43,8,0,0,0,75,4
43,9,1,1,1,150,6.6
43,10,0,1,1,150,1.9
43,11,1,0,1,150,3.5
43,12,0,0,1,150,3.3
43,13,1,1,0,150,5.6
43,14,0,1,0,150,2.6
43,15,1,0,0,150,2.5
43,16,0,0,0,150,1.2
44,1,1,1,1,75,8
44,2,0,1,1,75,3.2
44,3,1,0,1,75,5.5
44,4,0,0,1,75,4.4
44,5,1,1,0,75,6.2
44,6,0,1,0,75,4.5
44,7,1,0,0,75,6.6
44,8,0,0,0,75,3.2
44,9,1,1,1,150,5.5
44,10,0,1,1,150,3.1
44,11,1,0,1,150,4.7
44,12,0,0,1,150,2.2
44,13,1,1,0,150,5.1
44,14,0,1,0,150,2.9
44,15,1,0,0,150,5.7
44,16,0,0,0,150,3.4
45,1,1,1,1,75,6.3
45,2,0,1,1,75,4.6
45,3,1,0,1,75,4.7
45,4,0,0,1,75,3.1
45,5,1,1,0,75,4.7
45,6,0,1,0,75,5
45,7,1,0,0,75,4.5
45,8,0,0,0,75,3.4
45,9,1,1,1,150,6.7
45,10,0,1,1,150,4
45,11,1,0,1,150,3.3
45,12,0,0,1,150,1.8
45,13,1,1,0,150,3.3
45,14,0,1,0,150,2
45,15,1,0,0,150,5
45,16,0,0,0,150,2.4
46,1,1,1,1,75,5.7
46,2,0,1,1,75,5.5
46,3,1,0,1,75,6.4
46,4,0,0,1,75,3.1
46,5,1,1,0,75,6.2
46,6,0,1,0,75,4.6
46,7,1,0,0,75,5.6
46,8,0,0,0,75,4.1
46,9,1,1,1,150,5.7
46,10,0,1,1,150,3.5
46,11,1,0,1,150,6.4
46,12,0,0,1,150,2.4
46,13,1,1,0,150,3.4
46,14,0,1,0,150,2.3
46,15,1,0,0,150,3.5
46,16,0,0,0,150,2.7
47,1,1,1,1,75,5.7
47,2,0,1,1,75,3.9
47,3,1,0,1,75,5.6
47,4,0,0,1,75,4.5
47,5,1,1,0,75,6.9
47,6,0,1,0,75,4.2
47,7,1,0,0,75,4.6
47,8,0,0,0,75,5.3
47,9,1,1,1,150,5.7
47,10,0,1,1,150,3.6
47,11,1,0,1,150,4.8
47,12,0,0,1,150,1.9
47,13,1,1,0,150,5
47,14,0,1,0,150,3.4
47,15,1,0,0,150,3.2
47,16,0,0,0,150,1.8
48,1,1,1,1,75,7.3
48,2,0,1,1,75,3.7
48,3,1,0,1,75,6.7
48,4,0,0,1,75,3.8
48,5,1,1,0,75,5.8
48,6,0,1,0,75,3.9
48,7,1,0,0,75,6.6
48,8,0,0,0,75,3.2
48,9,1,1,1,150,5.3
48,10,0,1,1,150,3
48,11,1,0,1,150,3.6
48,12,0,0,1,150,3
48,13,1,1,0,150,4.7
48,14,0,1,0,150,3.1
48,15,1,0,0,150,3.3
48,16,0,0,0,150,2.8
49,1,1,1,1,75,7.2
49,2,0,1,1,75,5.3
49,3,1,0,1,75,6.2
49,4,0,0,1,75,5
49,5,1,1,0,75,6.9
49,6,0,1,0,75,4.1
49,7,1,0,0,75,5.6
49,8,0,0,0,75,3.5
49,9,1,1,1,150,6.7
49,10,0,1,1,150,2.5
49,11,1,0,1,150,4.5
49,12,0,0,1,150,1.9
49,13,1,1,0,150,3.4
49,14,0,1,0,150,2.6
49,15,1,0,0,150,3
49,16,0,0,0,150,2
50,1,1,1,1,75,7.1
50,2,0,1,1,75,5.1
50,3,1,0,1,75,5.8
50,4,0,0,1,75,4.6
50,5,1,1,0,75,5.9
50,6,0,1,0,75,2.3
50,7,1,0,0,75,6.2
50,8,0,0,0,75,3.4
50,9,1,1,1,150,5.9
50,10,0,1,1,150,3.9
50,11,1,0,1,150,4.2
50,12,0,0,1,150,3
50,13,1,1,0,150,3.8
50,14,0,1,0,150,3.4
50,15,1,0,0,150,4.8
50,16,0,0,0,150,3.2
51,1,1,1,1,75,6.4
51,2,0,1,1,75,4.8
51,3,1,0,1,75,6.7
51,4,0,0,1,75,3.6
51,5,1,1,0,75,6.7
51,6,0,1,0,75,4.3
51,7,1,0,0,75,4.8
51,8,0,0,0,75,3.5
51,9,1,1,1,150,5.2
51,10,0,1,1,150,3.2
51,11,1,0,1,150,3.8
51,12,0,0,1,150,3.1
51,13,1,1,0,150,6.2
51,14,0,1,0,150,2.7
51,15,1,0,0,150,2.9
51,16,0,0,0,150,1.3
52,1,1,1,1,75,7
52,2,0,1,1,75,5
52,3,1,0,1,75,4.9
52,4,0,0,1,75,4.2
52,5,1,1,0,75,6.2
52,6,0,1,0,75,4.8
52,7,1,0,0,75,5.2
52,8,0,0,0,75,2.3
52,9,1,1,1,150,6.4
52,10,0,1,1,150,4.6
52,11,1,0,1,150,4.3
52,12,0,0,1,150,3.7
52,13,1,1,0,150,5.5
52,14,0,1,0,150,2.2
52,15,1,0,0,150,4.5
52,16,0,0,0,150,1.1
53,1,1,1,1,75,6.5
53,2,0,1,1,75,5.4
53,3,1,0,1,75,6.9
53,4,0,0,1,75,3.4
53,5,1,1,0,75,6.5
53,6,0,1,0,75,5.5
53,7,1,0,0,75,5.3
53,8,0,0,0,75,2.1
53,9,1,1,1,150,6
53,10,0,1,1,150,4
53,11,1,0,1,150,5
53,12,0,0,1,150,2.5
53,13,1,1,0,150,5.8
53,14,0,1,0,150,3.1
53,15,1,0,0,150,3.8
53,16,0,0,0,150,1.9
54,1,1,1,1,75,8.6
54,2,0,1,1,75,5.7
54,3,1,0,1,75,3.9
54,4,0,0,1,75,3.6
54,5,1,1,0,75,6.9
54,6,0,1,0,75,4
54,7,1,0,0,75,4.6
54,8,0,0,0,75,2.9
54,9,1,1,1,150,5.6
54,10,0,1,1,150,3.1
54,11,1,0,1,150,4.3
54,12,0,0,1,150,2.4
54,13,1,1,0,150,4.7
54,14,0,1,0,150,2.6
54,15,1,0,0,150,3.2
54,16,0,0,0,150,3.2
55,1,1,1,1,75,7.5
55,2,0,1,1,75,5.1
55,3,1,0,1,75,5.9
55,4,0,0,1,75,4.2
55,5,1,1,0,75,7.8
55,6,0,1,0,75,4.2
55,7,1,0,0,75,4.4
55,8,0,0,0,75,3.6
55,9,1,1,1,150,5.8
55,10,0,1,1,150,3.6
55,11,1,0,1,150,4
55,12,0,0,1,150,3.2
55,13,1,1,0,150,6
55,14,0,1,0,150,3
55,15,1,0,0,150,5.3
55,16,0,0,0,150,1
56,1,1,1,1,75,6.2
56,2,0,1,1,75,5.9
56,3,1,0,1,75,5.3
56,4,0,0,1,75,4.9
56,5,1,1,0,75,5.8
56,6,0,1,0,75,5.5
56,7,1,0,0,75,5
56,8,0,0,0,75,3.5
56,9,1,1,1,150,5.6
56,10,0,1,1,150,2.5
56,11,1,0,1,150,4.3
56,12,0,0,1,150,2.5
56,13,1,1,0,150,5.8
56,14,0,1,0,150,2.2
56,15,1,0,0,150,4.8
56,16,0,0,0,150,1.9
57,1,1,1,1,75,6.5
57,2,0,1,1,75,5.7
57,3,1,0,1,75,6
57,4,0,0,1,75,4.7
57,5,1,1,0,75,7.6
57,6,0,1,0,75,4.5
57,7,1,0,0,75,3.9
57,8,0,0,0,75,3.1
57,9,1,1,1,150,5.1
57,10,0,1,1,150,3.6
57,11,1,0,1,150,3.1
57,12,0,0,1,150,1.9
57,13,1,1,0,150,4.4
57,14,0,1,0,150,2.8
57,15,1,0,0,150,3.3
57,16,0,0,0,150,1.6
58,1,1,1,1,75,8.2
58,2,0,1,1,75,4.9
58,3,1,0,1,75,4.8
58,4,0,0,1,75,3.1
58,5,1,1,0,75,6.3
58,6,0,1,0,75,6
58,7,1,0,0,75,5.8
58,8,0,0,0,75,2.5
58,9,1,1,1,150,5.3
58,10,0,1,1,150,2.9
58,11,1,0,1,150,3.4
58,12,0,0,1,150,2.6
58,13,1,1,0,150,6.8
58,14,0,1,0,150,4.1
58,15,1,0,0,150,2.7
58,16,0,0,0,150,2.3
59,1,1,1,1,75,7.3
59,2,0,1,1,75,5.7
59,3,1,0,1,75,6.2
59,4,0,0,1,75,5.2
59,5,1,1,0,75,5.3
59,6,0,1,0,75,5.1
59,7,1,0,0,75,5
59,8,0,0,0,75,3.1
59,9,1,1,1,150,6.2
59,10,0,1,1,150,5.2
59,11,1,0,1,150,4.6
59,12,0,0,1,150,3.1
59,13,1,1,0,150,4.5
59,14,0,1,0,150,3.2
59,15,1,0,0,150,2.7
59,16,0,0,0,150,2.2
60,1,1,1,1,75,8
60,2,0,1,1,75,6.1
60,3,1,0,1,75,5.7
60,4,0,0,1,75,4.1
60,5,1,1,0,75,5.2
60,6,0,1,0,75,2.8
60,7,1,0,0,75,5.8
60,8,0,0,0,75,2.9
60,9,1,1,1,150,5.4
60,10,0,1,1,150,4
60,11,1,0,1,150,5.5
60,12,0,0,1,150,3.5
60,13,1,1,0,150,5.6
60,14,0,1,0,150,2.7
60,15,1,0,0,150,4.7
60,16,0,0,0,150,1.3
61,1,1,1,1,75,6.1
61,2,0,1,1,75,4
61,3,1,0,1,75,5.8
61,4,0,0,1,75,4.5
61,5,1,1,0,75,7.2
61,6,0,1,0,75,5.3
61,7,1,0,0,75,5.4
61,8,0,0,0,75,3.2
61,9,1,1,1,150,5.3
61,10,0,1,1,150,3.9
61,11,1,0,1,150,5.2
61,12,0,0,1,150,2
61,13,1,1,0,150,3.9
61,14,0,1,0,150,1.4
61,15,1,0,0,150,2.8
61,16,0,0,0,150,1.4
62,1,1,1,1,75,6.3
62,2,0,1,1,75,5.2
62,3,1,0,1,75,5.1
62,4,0,0,1,75,3.8
62,5,1,1,0,75,5.5
62,6,0,1,0,75,3.6
62,7,1,0,0,75,5
62,8,0,0,0,75,2.4
62,9,1,1,1,150,4.7
62,10,0,1,1,150,5.4
62,11,1,0,1,150,4.4
62,12,0,0,1,150,2
62,13,1,1,0,150,4.8
62,14,0,1,0,150,3.6
62,15,1,0,0,150,4
62,16,0,0,0,150,1.8
63,1,1,1,1,75,5.7
63,2,0,1,1,75,4.8
63,3,1,0,1,75,6.7
63,4,0,0,1,75,4.1
63,5,1,1,0,75,6.6
63,6,0,1,0,75,4.6
63,7,1,0,0,75,5.8
63,8,0,0,0,75,5
63,9,1,1,1,150,5.7
63,10,0,1,1,150,2.3
63,11,1,0,1,150,4.6
63,12,0,0,1,150,2.2
63,13,1,1,0,150,4.9
63,14,0,1,0,150,2.5
63,15,1,0,0,150,4.8
63,16,0,0,0,150,2
64,1,1,1,1,75,7.2
64,2,0,1,1,75,4.6
64,3,1,0,1,75,7.8
64,4,0,0,1,75,3.9
64,5,1,1,0,75,6.7
64,6,0,1,0,75,4.2
64,7,1,0,0,75,4.9
64,8,0,0,0,75,3.5
64,9,1,1,1,150,6.3
64,10,0,1,1,150,4.7
64,11,1,0,1,150,4.2
64,12,0,0,1,150,2.5
64,13,1,1,0,150,5.7
64,14,0,1,0,150,4.2
64,15,1,0,0,150,3.5
64,16,0,0,0,150,1.9
65,1,1,1,1,75,7.7
65,2,0,1,1,75,5.3
65,3,1,0,1,75,5.1
65,4,0,0,1,75,4.6
65,5,1,1,0,75,4.1
65,6,0,1,0,75,5.2
65,7,1,0,0,75,5.7
65,8,0,0,0,75,3.9
65,9,1,1,1,150,5.8
65,10,0,1,1,150,3.2
65,11,1,0,1,150,4.2
65,12,0,0,1,150,1.8
65,13,1,1,0,150,3.7
65,14,0,1,0,150,3.5
65,15,1,0,0,150,3
65,16,0,0,0,150,3.1
66,1,1,1,1,75,7.8
66,2,0,1,1,75,4.8
66,3,1,0,1,75,5.9
66,4,0,0,1,75,5.2
66,5,1,1,0,75,6.4
66,6,0,1,0,75,5
66,7,1,0,0,75,5.9
66,8,0,0,0,75,4.6
66,9,1,1,1,150,5
66,10,0,1,1,150,3.6
66,11,1,0,1,150,3.9
66,12,0,0,1,150,1.4
66,13,1,1,0,150,3
66,14,0,1,0,150,2.4
66,15,1,0,0,150,3.8
66,16,0,0,0,150,1.5
67,1,1,1,1,75,6.8
67,2,0,1,1,75,5.1
67,3,1,0,1,75,6.6
67,4,0,0,1,75,2.5
67,5,1,1,0,75,8
67,6,0,1,0,75,4.6
67,7,1,0,0,75,6.1
67,8,0,0,0,75,2.1
67,9,1,1,1,150,6.5
67,10,0,1,1,150,3.6
67,11,1,0,1,150,3.9
67,12,0,0,1,150,2
67,13,1,1,0,150,4.7
67,14,0,1,0,150,2.3
67,15,1,0,0,150,3.3
67,16,0,0,0,150,1
68,1,1,1,1,75,6.6
68,2,0,1,1,75,4.2
68,3,1,0,1,75,4.8
68,4,0,0,1,75,3.4
68,5,1,1,0,75,6.9
68,6,0,1,0,75,4
68,7,1,0,0,75,6.6
68,8,0,0,0,75,5.2
68,9,1,1,1,150,4
68,10,0,1,1,150,3
68,11,1,0,1,150,4.2
68,12,0,0,1,150,1.9
68,13,1,1,0,150,5.9
68,14,0,1,0,150,3.1
68,15,1,0,0,150,3.1
68,16,0,0,0,150,1.6
69,1,1,1,1,75,5.9
69,2,0,1,1,75,4.6
69,3,1,0,1,75,6.7
69,4,0,0,1,75,3.2
69,5,1,1,0,75,6.8
69,6,0,1,0,75,4.3
69,7,1,0,0,75,4
69,8,0,0,0,75,2.9
69,9,1,1,1,150,4
69,10,0,1,1,150,5
69,11,1,0,1,150,4.5
69,12,0,0,1,150,2.6
69,13,1,1,0,150,4.8
69,14,0,1,0,150,3.2
69,15,1,0,0,150,3.6
69,16,0,0,0,150,1.7
70,1,1,1,1,75,6.1
70,2,0,1,1,75,4.9
70,3,1,0,1,75,5.7
70,4,0,0,1,75,3.2
70,5,1,1,0,75,6.4
70,6,0,1,0,75,3.4
70,7,1,0,0,75,5.5
70,8,0,0,0,75,3.4
70,9,1,1,1,150,6
70,10,0,1,1,150,3.5
70,11,1,0,1,150,4.7
70,12,0,0,1,150,3.7
70,13,1,1,0,150,5.1
70,14,0,1,0,150,3.7
70,15,1,0,0,150,3.5
70,16,0,0,0,150,1.6
71,1,1,1,1,75,6.6
71,2,0,1,1,75,4.3
71,3,1,0,1,75,5.9
71,4,0,0,1,75,4.2
71,5,1,1,0,75,5.5
71,6,0,1,0,75,4.5
71,7,1,0,0,75,5.6
71,8,0,0,0,75,3
71,9,1,1,1,150,4.5
71,10,0,1,1,150,3.6
71,11,1,0,1,150,3.2
71,12,0,0,1,150,3.5
71,13,1,1,0,150,4.7
71,14,0,1,0,150,2.2
71,15,1,0,0,150,3.4
71,16,0,0,0,150,2.6
72,1,1,1,1,75,6.6
72,2,0,1,1,75,4.9
72,3,1,0,1,75,6.3
72,4,0,0,1,75,4.7
72,5,1,1,0,75,6
72,6,0,1,0,75,4.9
72,7,1,0,0,75,5.3
72,8,0,0,0,75,3.7
72,9,1,1,1,150,5.5
72,10,0,1,1,150,3.9
72,11,1,0,1,150,4.5
72,12,0,0,1,150,2.2
72,13,1,1,0,150,5.1
72,14,0,1,0,150,3.2
72,15,1,0,0,150,4.1
72,16,0,0,0,150,1.8
73,1,1,1,1,75,7
73,2,0,1,1,75,4.8
73,3,1,0,1,75,6
73,4,0,0,1,75,3.3
73,5,1,1,0,75,7.8
73,6,0,1,0,75,4.6
73,7,1,0,0,75,5.2
73,8,0,0,0,75,2.5
73,9,1,1,1,150,5.2
73,10,0,1,1,150,3.7
73,11,1,0,1,150,4.5
73,12,0,0,1,150,2.4
73,13,1,1,0,150,4.7
73,14,0,1,0,150,3.3
73,15,1,0,0,150,4.5
73,16,0,0,0,150,1.5
74,1,1,1,1,75,6.6
74,2,0,1,1,75,4.2
74,3,1,0,1,75,5.4
74,4,0,0,1,75,3.1
74,5,1,1,0,75,5.8
74,6,0,1,0,75,5.3
74,7,1,0,0,75,6
74,8,0,0,0,75,3.1
74,9,1,1,1,150,5.5
74,10,0,1,1,150,3.7
74,11,1,0,1,150,6
74,12,0,0,1,150,1.5
74,13,1,1,0,150,4.6
74,14,0,1,0,150,3.2
74,15,1,0,0,150,3.2
74,16,0,0,0,150,2
75,1,1,1,1,75,6
75,2,0,1,1,75,4.9
75,3,1,0,1,75,6.6
75,4,0,0,1,75,4
75,5,1,1,0,75,6.4
75,6,0,1,0,75,4.4
75,7,1,0,0,75,4.5
75,8,0,0,0,75,1.7
75,9,1,1,1,150,5.6
75,10,0,1,1,150,2.7
75,11,1,0,1,150,2.2
75,12,0,0,1,150,2.3
75,13,1,1,0,150,3.9
75,14,0,1,0,150,3
75,15,1,0,0,150,3.5
75,16,0,0,0,150,2.1
76,1,1,1,1,75,7.6
76,2,0,1,1,75,4.2
76,3,1,0,1,75,6.3
76,4,0,0,1,75,3.9
76,5,1,1,0,75,5.8
76,6,0,1,0,75,4
76,7,1,0,0,75,4.9
76,8,0,0,0,75,3
76,9,1,1,1,150,4.2
76,10,0,1,1,150,3
76,11,1,0,1,150,4.7
76,12,0,0,1,150,2.2
76,13,1,1,0,150,4.2
76,14,0,1,0,150,3.4
76,15,1,0,0,150,3.1
76,16,0,0,0,150,1.4
77,1,1,1,1,75,7
77,2,0,1,1,75,4.6
77,3,1,0,1,75,5.9
77,4,0,0,1,75,3.1
77,5,1,1,0,75,5.8
77,6,0,1,0,75,5.3
77,7,1,0,0,75,5.2
77,8,0,0,0,75,4.2
77,9,1,1,1,150,4.5
77,10,0,1,1,150,2.7
77,11,1,0,1,150,4.2
77,12,0,0,1,150,3.2
77,13,1,1,0,150,4.1
77,14,0,1,0,150,2.6
77,15,1,0,0,150,4.5
77,16,0,0,0,150,2.4
78,1,1,1,1,75,6.6
78,2,0,1,1,75,4.9
78,3,1,0,1,75,6.4
78,4,0,0,1,75,5.5
78,5,1,1,0,75,6.4
78,6,0,1,0,75,4.9
78,7,1,0,0,75,5.4
78,8,0,0,0,75,3.9
78,9,1,1,1,150,5.8
78,10,0,1,1,150,3.6
78,11,1,0,1,150,4.6
78,12,0,0,1,150,2.9
78,13,1,1,0,150,5.9
78,14,0,1,0,150,3.9
78,15,1,0,0,150,2.5
78,16,0,0,0,150,1.5
79,1,1,1,1,75,8.8
79,2,0,1,1,75,5.7
79,3,1,0,1,75,4.3
79,4,0,0,1,75,4.3
79,5,1,1,0,75,6.1
79,6,0,1,0,75,5.6
79,7,1,0,0,75,4.8
79,8,0,0,0,75,3.2
79,9,1,1,1,150,6.6
79,10,0,1,1,150,3
79,11,1,0,1,150,3.9
79,12,0,0,1,150,1.6
79,13,1,1,0,150,4.1
79,14,0,1,0,150,1.9
79,15,1,0,0,150,4.2
79,16,0,0,0,150,1.6
80,1,1,1,1,75,7.6
80,2,0,1,1,75,4.7
80,3,1,0,1,75,5.8
80,4,0,0,1,75,3.4
80,5,1,1,0,75,6.7
80,6,0,1,0,75,5.8
80,7,1,0,0,75,5.5
80,8,0,0,0,75,4.1
80,9,1,1,1,150,5.3
80,10,0,1,1,150,3.5
80,11,1,0,1,150,3.7
80,12,0,0,1,150,1.7
80,13,1,1,0,150,3.5
80,14,0,1,0,150,2.3
80,15,1,0,0,150,4.3
80,16,0,0,0,150,2.4
81,1,1,1,1,75,7
81,2,0,1,1,75,5.1
81,3,1,0,1,75,5.9
81,4,0,0,1,75,3.3
81,5,1,1,0,75,5.8
81,6,0,1,0,75,5
81,7,1,0,0,75,5
81,8,0,0,0,75,3.7
81,9,1,1,1,150,4.9
81,10,0,1,1,150,2.3
81,11,1,0,1,150,5.1
81,12,0,0,1,150,2.4
81,13,1,1,0,150,4.6
81,14,0,1,0,150,3.3
81,15,1,0,0,150,5.5
81,16,0,0,0,150,2
82,1,1,1,1,75,7.9
82,2,0,1,1,75,5.7
82,3,1,0,1,75,5.4
82,4,0,0,1,75,4.5
82,5,1,1,0,75,6.4
82,6,0,1,0,75,5.2
82,7,1,0,0,75,5.8
82,8,0,0,0,75,3.2
82,9,1,1,1,150,4.1
82,10,0,1,1,150,3.8
82,11,1,0,1,150,4.5
82,12,0,0,1,150,2.1
82,13,1,1,0,150,5.3
82,14,0,1,0,150,2.8
82,15,1,0,0,150,5.1
82,16,0,0,0,150,2.1
83,1,1,1,1,75,6.5
83,2,0,1,1,75,6
83,3,1,0,1,75,4
83,4,0,0,1,75,3.9
83,5,1,1,0,75,7
83,6,0,1,0,75,4.5
83,7,1,0,0,75,5.3
83,8,0,0,0,75,4
83,9,1,1,1,150,4.3
83,10,0,1,1,150,3.1
83,11,1,0,1,150,4
83,12,0,0,1,150,2.2
83,13,1,1,0,150,5.5
83,14,0,1,0,150,2.6
83,15,1,0,0,150,3.7
83,16,0,0,0,150,1.4
84,1,1,1,1,75,5.5
84,2,0,1,1,75,6.5
84,3,1,0,1,75,6.3
84,4,0,0,1,75,3.8
84,5,1,1,0,75,6.7
84,6,0,1,0,75,4.5
84,7,1,0,0,75,5
84,8,0,0,0,75,2.8
84,9,1,1,1,150,4.9
84,10,0,1,1,150,2.3
84,11,1,0,1,150,3
84,12,0,0,1,150,1.2
84,13,1,1,0,150,4.1
84,14,0,1,0,150,2.9
84,15,1,0,0,150,3
84,16,0,0,0,150,2.8
85,1,1,1,1,75,6.3
85,2,0,1,1,75,4.4
85,3,1,0,1,75,5.9
85,4,0,0,1,75,3.9
85,5,1,1,0,75,5.4
85,6,0,1,0,75,5.4
85,7,1,0,0,75,5.3
85,8,0,0,0,75,4.4
85,9,1,1,1,150,5.8
85,10,0,1,1,150,4.2
85,11,1,0,1,150,3.4
85,12,0,0,1,150,1.9
85,13,1,1,0,150,4.6
85,14,0,1,0,150,1.8
85,15,1,0,0,150,4.2
85,16,0,0,0,150,2.3
86,1,1,1,1,75,6.8
86,2,0,1,1,75,3.7
86,3,1,0,1,75,5.4
86,4,0,0,1,75,4.5
86,5,1,1,0,75,5.8
86,6,0,1,0,75,4.4
86,7,1,0,0,75,5.4
86,8,0,0,0,75,4.4
86,9,1,1,1,150,5.3
86,10,0,1,1,150,3.2
86,11,1,0,1,150,4.6
86,12,0,0,1,150,1.8
86,13,1,1,0,150,2.7
86,14,0,1,0,150,2.9
86,15,1,0,0,150,3.1
86,16,0,0,0,150,1.4
87,1,1,1,1,75,7.9
87,2,0,1,1,75,5.5
87,3,1,0,1,75,6.5
87,4,0,0,1,75,5.3
87,5,1,1,0,75,5.5
87,6,0,1,0,75,4.5
87,7,1,0,0,75,6.1
87,8,0,0,0,75,3.8
87,9,1,1,1,150,4.9
87,10,0,1,1,150,3.4
87,11,1,0,1,150,3.3
87,12,0,0,1,150,3.2
87,13,1,1,0,150,5.5
87,14,0,1,0,150,2.4
87,15,1,0,0,150,5
87,16,0,0,0,150,3
88,1,1,1,1,75,5.6
88,2,0,1,1,75,6.4
88,3,1,0,1,75,5.6
88,4,0,0,1,75,5.1
88,5,1,1,0,75,4.9
88,6,0,1,0,75,4.5
88,7,1,0,0,75,5.4
88,8,0,0,0,75,3.2
88,9,1,1,1,150,5.7
88,10,0,1,1,150,2.8
88,11,1,0,1,150,4
88,12,0,0,1,150,1.7
88,13,1,1,0,150,4.9
88,14,0,1,0,150,2.8
88,15,1,0,0,150,3.7
88,16,0,0,0,150,2.6
89,1,1,1,1,75,6.4
89,2,0,1,1,75,4.8
89,3,1,0,1,75,5.8
89,4,0,0,1,75,3.8
89,5,1,1,0,75,7
89,6,0,1,0,75,5.3
89,7,1,0,0,75,6.9
89,8,0,0,0,75,3.2
89,9,1,1,1,150,6.7
89,10,0,1,1,150,3.6
89,11,1,0,1,150,2.7
89,12,0,0,1,150,1.3
89,13,1,1,0,150,3.8
89,14,0,1,0,150,2.1
89,15,1,0,0,150,4
89,16,0,0,0,150,3.3
90,1,1,1,1,75,7
90,2,0,1,1,75,4.7
90,3,1,0,1,75,5.2
90,4,0,0,1,75,5.1
90,5,1,1,0,75,5.8
90,6,0,1,0,75,5.1
90,7,1,0,0,75,4.3
90,8,0,0,0,75,3.1
90,9,1,1,1,150,4.1
90,10,0,1,1,150,3
90,11,1,0,1,150,5.2
90,12,0,0,1,150,2.2
90,13,1,1,0,150,5.3
90,14,0,1,0,150,1.6
90,15,1,0,0,150,3.5
90,16,0,0,0,150,2
91,1,1,1,1,75,6.3
91,2,0,1,1,75,5.4
91,3,1,0,1,75,4.9
91,4,0,0,1,75,4.3
91,5,1,1,0,75,6.5
91,6,0,1,0,75,5
91,7,1,0,0,75,6.2
91,8,0,0,0,75,4.3
91,9,1,1,1,150,6.3
91,10,0,1,1,150,3.7
91,11,1,0,1,150,3.4
91,12,0,0,1,150,3.3
91,13,1,1,0,150,6.2
91,14,0,1,0,150,3.3
91,15,1,0,0,150,3.3
91,16,0,0,0,150,2.2
92,1,1,1,1,75,6.4
92,2,0,1,1,75,5.1
92,3,1,0,1,75,6
92,4,0,0,1,75,2.4
92,5,1,1,0,75,7.7
92,6,0,1,0,75,5
92,7,1,0,0,75,5.8
92,8,0,0,0,75,3.1
92,9,1,1,1,150,4.6
92,10,0,1,1,150,4.4
92,11,1,0,1,150,3.1
92,12,0,0,1,150,3.4
92,13,1,1,0,150,3.3
92,14,0,1,0,150,3.4
92,15,1,0,0,150,3
92,16,0,0,0,150,1.3
93,1,1,1,1,75,6.1
93,2,0,1,1,75,5.2
93,3,1,0,1,75,6.9
93,4,0,0,1,75,4.2
93,5,1,1,0,75,7.2
93,6,0,1,0,75,4.9
93,7,1,0,0,75,3.3
93,8,0,0,0,75,3.7
93,9,1,1,1,150,4.7
93,10,0,1,1,150,4.4
93,11,1,0,1,150,3.3
93,12,0,0,1,150,1.9
93,13,1,1,0,150,4.7
93,14,0,1,0,150,3.8
93,15,1,0,0,150,3.6
93,16,0,0,0,150,2.8
94,1,1,1,1,75,7.4
94,2,0,1,1,75,5.5
94,3,1,0,1,75,3.9
94,4,0,0,1,75,3.8
94,5,1,1,0,75,6.4
94,6,0,1,0,75,5.4
94,7,1,0,0,75,5.4
94,8,0,0,0,75,3.8
94,9,1,1,1,150,5.9
94,10,0,1,1,150,3.8
94,11,1,0,1,150,3.6
94,12,0,0,1,150,1.2
94,13,1,1,0,150,4.2
94,14,0,1,0,150,1.6
94,15,1,0,0,150,2.6
94,16,0,0,0,150,2.1
95,1,1,1,1,75,6.9
95,2,0,1,1,75,4.2
95,3,1,0,1,75,6.1
95,4,0,0,1,75,3.4
95,5,1,1,0,75,7
95,6,0,1,0,75,3.7
95,7,1,0,0,75,5.7
95,8,0,0,0,75,2.8
95,9,1,1,1,150,5.1
95,10,0,1,1,150,2.3
95,11,1,0,1,150,3.6
95,12,0,0,1,150,3.8
95,13,1,1,0,150,4.4
95,14,0,1,0,150,2.2
95,15,1,0,0,150,3.6
95,16,0,0,0,150,3
96,1,1,1,1,75,7.2
96,2,0,1,1,75,4.9
96,3,1,0,1,75,7.6
96,4,0,0,1,75,4.1
96,5,1,1,0,75,6.9
96,6,0,1,0,75,3.6
96,7,1,0,0,75,6.1
96,8,0,0,0,75,3.5
96,9,1,1,1,150,5.3
96,10,0,1,1,150,4.7
96,11,1,0,1,150,4.6
96,12,0,0,1,150,3.4
96,13,1,1,0,150,5.1
96,14,0,1,0,150,2.5
96,15,1,0,0,150,2.7
96,16,0,0,0,150,2.2
97,1,1,1,1,75,6.3
97,2,0,1,1,75,5.2
97,3,1,0,1,75,6.1
97,4,0,0,1,75,3.1
97,5,1,1,0,75,6
97,6,0,1,0,75,3.8
97,7,1,0,0,75,6.8
97,8,0,0,0,75,4.3
97,9,1,1,1,150,5.1
97,10,0,1,1,150,4.6
97,11,1,0,1,150,4.9
97,12,0,0,1,150,2.4
97,13,1,1,0,150,4.6
97,14,0,1,0,150,2.3
97,15,1,0,0,150,4.1
97,16,0,0,0,150,1.8
98,1,1,1,1,75,7
98,2,0,1,1,75,5.9
98,3,1,0,1,75,6.7
98,4,0,0,1,75,4.2
98,5,1,1,0,75,6.3
98,6,0,1,0,75,5.7
98,7,1,0,0,75,4.8
98,8,0,0,0,75,1.9
98,9,1,1,1,150,4.8
98,10,0,1,1,150,2.3
98,11,1,0,1,150,3.9
98,12,0,0,1,150,2.6
98,13,1,1,0,150,5.8
98,14,0,1,0,150,3.2
98,15,1,0,0,150,4.1
98,16,0,0,0,150,2.9
99,1,1,1,1,75,6.2
99,2,0,1,1,75,5.9
99,3,1,0,1,75,5.9
99,4,0,0,1,75,4.4
99,5,1,1,0,75,6.3
99,6,0,1,0,75,3.9
99,7,1,0,0,75,6
99,8,0,0,0,75,3.2
99,9,1,1,1,150,5.6
99,10,0,1,1,150,3.5
99,11,1,0,1,150,3.6
99,12,0,0,1,150,1
99,13,1,1,0,150,4.4
99,14,0,1,0,150,3.2
99,15,1,0,0,150,3.6
99,16,0,0,0,150,1.3
100,1,1,1,1,75,5.6
100,2,0,1,1,75,5
100,3,1,0,1,75,5.9
100,4,0,0,1,75,5
100,5,1,1,0,75,6.4
100,6,0,1,0,75,5.7
100,7,1,0,0,75,5.3
100,8,0,0,0,75,3.1
100,9,1,1,1,150,5.6
100,10,0,1,1,150,3.5
100,11,1,0,1,150,4.2
100,12,0,0,1,150,1.4
100,13,1,1,0,150,4.5
100,14,0,1,0,150,1.8
100,15,1,0,0,150,3.4
100,16,0,0,0,150,2.7
101,1,1,1,1,75,3.9
101,2,0,1,1,75,4.4
101,3,1,0,1,75,5.5
101,4,0,0,1,75,3
101,5,1,1,0,75,5.2
101,6,0,1,0,75,5.9
101,7,1,0,0,75,5.9
101,8,0,0,0,75,2.6
101,9,1,1,1,150,5.5
101,10,0,1,1,150,3.1
101,11,1,0,1,150,3.5
101,12,0,0,1,150,2.9
101,13,1,1,0,150,5.4
101,14,0,1,0,150,2.2
101,15,1,0,0,150,5.6
101,16,0,0,0,150,1.1
102,1,1,1,1,75,7.5
102,2,0,1,1,75,5
102,3,1,0,1,75,5.5
102,4,0,0,1,75,3.9
102,5,1,1,0,75,7.4
102,6,0,1,0,75,5.5
102,7,1,0,0,75,5.3
102,8,0,0,0,75,4.3
102,9,1,1,1,150,5.2
102,10,0,1,1,150,4.3
102,11,1,0,1,150,4.2
102,12,0,0,1,150,3.8
102,13,1,1,0,150,3.4
102,14,0,1,0,150,4.1
102,15,1,0,0,150,4
102,16,0,0,0,150,2.9
103,1,1,1,1,75,8.3
103,2,0,1,1,75,5.9
103,3,1,0,1,75,7.5
103,4,0,0,1,75,4.5
103,5,1,1,0,75,4.8
103,6,0,1,0,75,4.1
103,7,1,0,0,75,6.2
103,8,0,0,0,75,3.1
103,9,1,1,1,150,5.6
103,10,0,1,1,150,3.1
103,11,1,0,1,150,4.7
103,12,0,0,1,150,2.5
103,13,1,1,0,150,4.8
103,14,0,1,0,150,3.5
103,15,1,0,0,150,5
103,16,0,0,0,150,1.7
104,1,1,1,1,75,5.8
104,2,0,1,1,75,5.9
104,3,1,0,1,75,4.7
104,4,0,0,1,75,4.3
104,5,1,1,0,75,6.9
104,6,0,1,0,75,4.7
104,7,1,0,0,75,6.8
104,8,0,0,0,75,3.4
104,9,1,1,1,150,6.2
104,10,0,1,1,150,4.7
104,11,1,0,1,150,4.3
104,12,0,0,1,150,3
104,13,1,1,0,150,4.2
104,14,0,1,0,150,4
104,15,1,0,0,150,4.4
104,16,0,0,0,150,1
105,1,1,1,1,75,6.9
105,2,0,1,1,75,5.4
105,3,1,0,1,75,6.5
105,4,0,0,1,75,4
105,5,1,1,0,75,5.4
105,6,0,1,0,75,4.4
105,7,1,0,0,75,6.8
105,8,0,0,0,75,2.7
105,9,1,1,1,150,4.5
105,10,0,1,1,150,3.2
105,11,1,0,1,150,2.4
105,12,0,0,1,150,1.5
105,13,1,1,0,150,3.4
105,14,0,1,0,150,3.9
105,15,1,0,0,150,4.6
105,16,0,0,0,150,1.1
106,1,1,1,1,75,7.2
106,2,0,1,1,75,4.7
106,3,1,0,1,75,5.9
106,4,0,0,1,75,5.2
106,5,1,1,0,75,4.7
106,6,0,1,0,75,4.3
106,7,1,0,0,75,5.6
106,8,0,0,0,75,1.9
106,9,1,1,1,150,5.4
106,10,0,1,1,150,4.2
106,11,1,0,1,150,4.2
106,12,0,0,1,150,2.6
106,13,1,1,0,150,4.8
106,14,0,1,0,150,3.2
106,15,1,0,0,150,4.3
106,16,0,0,0,150,1.9
107,1,1,1,1,75,5.2
107,2,0,1,1,75,6.2
107,3,1,0,1,75,5.2
107,4,0,0,1,75,3.6
107,5,1,1,0,75,5.9
107,6,0,1,0,75,4.7
107,7,1,0,0,75,5.2
107,8,0,0,0,75,3.8
107,9,1,1,1,150,4.9
107,10,0,1,1,150,3.5
107,11,1,0,1,150,4.5
107,12,0,0,1,150,3.1
107,13,1,1,0,150,4.4
107,14,0,1,0,150,3.2
107,15,1,0,0,150,4.2
107,16,0,0,0,150,2
108,1,1,1,1,75,6.6
108,2,0,1,1,75,5.9
108,3,1,0,1,75,6
108,4,0,0,1,75,1.8
108,5,1,1,0,75,6.2
108,6,0,1,0,75,4.2
108,7,1,0,0,75,5.5
108,8,0,0,0,75,3.8
108,9,1,1,1,150,5.6
108,10,0,1,1,150,4.1
108,11,1,0,1,150,3.4
108,12,0,0,1,150,1.2
108,13,1,1,0,150,4.7
108,14,0,1,0,150,2.8
108,15,1,0,0,150,4.4
108,16,0,0,0,150,3
109,1,1,1,1,75,6.7
109,2,0,1,1,75,3.6
109,3,1,0,1,75,6.9
109,4,0,0,1,75,4.3
109,5,1,1,0,75,6.2
109,6,0,1,0,75,5.1
109,7,1,0,0,75,5.3
109,8,0,0,0,75,5.4
109,9,1,1,1,150,4.8
109,10,0,1,1,150,3.6
109,11,1,0,1,150,3.4
109,12,0,0,1,150,1.4
109,13,1,1,0,150,5.4
109,14,0,1,0,150,4
109,15,1,0,0,150,4.4
109,16,0,0,0,150,1
110,1,1,1,1,75,7.1
110,2,0,1,1,75,4.2
110,3,1,0,1,75,6.1
110,4,0,0,1,75,2.3
110,5,1,1,0,75,7.3
110,6,0,1,0,75,6
110,7,1,0,0,75,5.4
110,8,0,0,0,75,4.6
110,9,1,1,1,150,4.7
110,10,0,1,1,150,3.3
110,11,1,0,1,150,4.9
110,12,0,0,1,150,2.5
110,13,1,1,0,150,3.8
110,14,0,1,0,150,2.9
110,15,1,0,0,150,3.5
110,16,0,0,0,150,1.6
111,1,1,1,1,75,7.4
111,2,0,1,1,75,6.2
111,3,1,0,1,75,6
111,4,0,0,1,75,4.3
111,5,1,1,0,75,6.9
111,6,0,1,0,75,4.5
111,7,1,0,0,75,7.1
111,8,0,0,0,75,3.7
111,9,1,1,1,150,5.5
111,10,0,1,1,150,4.8
111,11,1,0,1,150,2.5
111,12,0,0,1,150,2.9
111,13,1,1,0,150,4.5
111,14,0,1,0,150,2.6
111,15,1,0,0,150,3.7
111,16,0,0,0,150,4
112,1,1,1,1,75,7.1
112,2,0,1,1,75,4.7
112,3,1,0,1,75,4.8
112,4,0,0,1,75,5.6
112,5,1,1,0,75,5.5
112,6,0,1,0,75,4.8
112,7,1,0,0,75,5.9
112,8,0,0,0,75,4.1
112,9,1,1,1,150,4.8
112,10,0,1,1,150,2.8
112,11,1,0,1,150,3.4
112,12,0,0,1,150,2.8
112,13,1,1,0,150,5
112,14,0,1,0,150,2.9
112,15,1,0,0,150,2.8
112,16,0,0,0,150,1
113,1,1,1,1,75,7.7
113,2,0,1,1,75,5
113,3,1,0,1,75,5.9
113,4,0,0,1,75,4.7
113,5,1,1,0,75,6.7
113,6,0,1,0,75,3.7
113,7,1,0,0,75,4.4
113,8,0,0,0,75,2.2
113,9,1,1,1,150,4.5
113,10,0,1,1,150,3.6
113,11,1,0,1,150,4.6
113,12,0,0,1,150,1.7
113,13,1,1,0,150,6
113,14,0,1,0,150,3.3
113,15,1,0,0,150,5.7
113,16,0,0,0,150,2.6
114,1,1,1,1,75,6.7
114,2,0,1,1,75,5.8
114,3,1,0,1,75,6.1
114,4,0,0,1,75,4.4
114,5,1,1,0,75,7.3
114,6,0,1,0,75,5.7
114,7,1,0,0,75,5.4
114,8,0,0,0,75,3.6
114,9,1,1,1,150,5.7
114,10,0,1,1,150,3
114,11,1,0,1,150,5.5
114,12,0,0,1,150,3.2
114,13,1,1,0,150,4
114,14,0,1,0,150,2.8
114,15,1,0,0,150,3.9
114,16,0,0,0,150,2.9
115,1,1,1,1,75,7.6
115,2,0,1,1,75,6.1
115,3,1,0,1,75,7
115,4,0,0,1,75,4.3
115,5,1,1,0,75,6.3
115,6,0,1,0,75,4.4
115,7,1,0,0,75,5.1
115,8,0,0,0,75,4.7
115,9,1,1,1,150,7.1
115,10,0,1,1,150,4.5
115,11,1,0,1,150,4.9
115,12,0,0,1,150,4.2
115,13,1,1,0,150,4.7
115,14,0,1,0,150,1.8
115,15,1,0,0,150,2.1
115,16,0,0,0,150,1.7
116,1,1,1,1,75,6.4
116,2,0,1,1,75,4.7
116,3,1,0,1,75,5.5
116,4,0,0,1,75,3.7
116,5,1,1,0,75,5.3
116,6,0,1,0,75,5.4
116,7,1,0,0,75,4.8
116,8,0,0,0,75,3.3
116,9,1,1,1,150,4.6
116,10,0,1,1,150,1.7
116,11,1,0,1,150,4.5
116,12,0,0,1,150,3.1
116,13,1,1,0,150,4.3
116,14,0,1,0,150,4.2
116,15,1,0,0,150,4.2
116,16,0,0,0,150,1
117,1,1,1,1,75,7.7
117,2,0,1,1,75,6.7
117,3,1,0,1,75,5.1
117,4,0,0,1,75,3.2
117,5,1,1,0,75,6.3
117,6,0,1,0,75,4.7
117,7,1,0,0,75,5.1
117,8,0,0,0,75,3.3
117,9,1,1,1,150,5.1
117,10,0,1,1,150,4
117,11,1,0,1,150,4.7
117,12,0,0,1,150,2.7
117,13,1,1,0,150,5
117,14,0,1,0,150,2.9
117,15,1,0,0,150,4
117,16,0,0,0,150,3.1
118,1,1,1,1,75,7.7
118,2,0,1,1,75,4.1
118,3,1,0,1,75,6.4
118,4,0,0,1,75,3.1
118,5,1,1,0,75,5.9
118,6,0,1,0,75,5.3
118,7,1,0,0,75,5.5
118,8,0,0,0,75,4.3
118,9,1,1,1,150,5.1
118,10,0,1,1,150,3.5
118,11,1,0,1,150,2.2
118,12,0,0,1,150,2.6
118,13,1,1,0,150,5.1
118,14,0,1,0,150,4.2
118,15,1,0,0,150,5.8
118,16,0,0,0,150,2.1
119,1,1,1,1,75,6.2
119,2,0,1,1,75,5.1
119,3,1,0,1,75,4.8
119,4,0,0,1,75,4.1
119,5,1,1,0,75,6.2
119,6,0,1,0,75,5
119,7,1,0,0,75,5.2
119,8,0,0,0,75,3.8
119,9,1,1,1,150,6.5
119,10,0,1,1,150,3.3
119,11,1,0,1,150,4
119,12,0,0,1,150,3.1
119,13,1,1,0,150,3.4
119,14,0,1,0,150,2.9
119,15,1,0,0,150,2.3
119,16,0,0,0,150,1.5
120,1,1,1,1,75,8.5
120,2,0,1,1,75,6.2
120,3,1,0,1,75,6.9
120,4,0,0,1,75,5
120,5,1,1,0,75,7
120,6,0,1,0,75,3.3
120,7,1,0,0,75,6.2
120,8,0,0,0,75,3.7
120,9,1,1,1,150,4.4
120,10,0,1,1,150,4.4
120,11,1,0,1,150,4.5
120,12,0,0,1,150,2.5
120,13,1,1,0,150,5.7
120,14,0,1,0,150,3.4
120,15,1,0,0,150,2.5
120,16,0,0,0,150,1.9
